"0","library(tidyverse)"
"2","Registered S3 method overwritten by 'dplyr':
  method           from
  print.rowwise_df     
"
"2","Registered S3 methods overwritten by 'dbplyr':
  method         from
  print.tbl_lazy     
  print.tbl_sql      
"
"2","[30mâ”€â”€ [1mAttaching packages[22m â”€â”€â”€â”€â”€â”€â”€â”€â”€â”€â”€â”€â”€â”€â”€â”€â”€â”€â”€â”€â”€â”€â”€â”€â”€â”€â”€â”€â”€â”€â”€â”€â”€â”€â”€â”€â”€â”€â”€â”€â”€â”€â”€â”€â”€â”€â”€â”€â”€â”€â”€â”€â”€â”€â”€â”€â”€â”€â”€â”€â”€â”€â”€â”€â”€â”€â”€â”€â”€â”€â”€â”€â”€â”€â”€â”€â”€â”€â”€â”€â”€â”€â”€â”€â”€â”€â”€â”€â”€â”€â”€â”€â”€â”€â”€â”€â”€â”€â”€â”€ tidyverse 1.3.0 â”€â”€[39m
"
"2","[30m[32mâœ“[30m [34mggplot2[30m 3.2.1     [32mâœ“[30m [34mpurrr  [30m 0.3.3
[32mâœ“[30m [34mtibble [30m 2.1.3     [32mâœ“[30m [34mdplyr  [30m 0.8.3
[32mâœ“[30m [34mtidyr  [30m 1.0.0     [32mâœ“[30m [34mstringr[30m 1.4.0
[32mâœ“[30m [34mreadr  [30m 1.3.1     [32mâœ“[30m [34mforcats[30m 0.4.0[39m
"
"2","[30mâ”€â”€ [1mConflicts[22m â”€â”€â”€â”€â”€â”€â”€â”€â”€â”€â”€â”€â”€â”€â”€â”€â”€â”€â”€â”€â”€â”€â”€â”€â”€â”€â”€â”€â”€â”€â”€â”€â”€â”€â”€â”€â”€â”€â”€â”€â”€â”€â”€â”€â”€â”€â”€â”€â”€â”€â”€â”€â”€â”€â”€â”€â”€â”€â”€â”€â”€â”€â”€â”€â”€â”€â”€â”€â”€â”€â”€â”€â”€â”€â”€â”€â”€â”€â”€â”€â”€â”€â”€â”€â”€â”€â”€â”€â”€â”€â”€â”€â”€â”€â”€â”€â”€â”€â”€â”€â”€â”€â”€ tidyverse_conflicts() â”€â”€
[31mx[30m [34mdplyr[30m::[32mfilter()[30m masks [34mstats[30m::filter()
[31mx[30m [34mdplyr[30m::[32mlag()[30m    masks [34mstats[30m::lag()[39m
"
"0","library(broom)"
"0","library(knitr) "
"0","library(patchwork)"
"0","library(GGally)"
"2","Registered S3 method overwritten by 'GGally':
  method from   
  +.gg   ggplot2
"
"2","
Attaching package: â€˜GGallyâ€™

"
"2","The following object is masked from â€˜package:dplyrâ€™:

    nasa

"
"0","library(MASS)"
"2","
Attaching package: â€˜MASSâ€™

"
"2","The following object is masked from â€˜package:patchworkâ€™:

    area

"
"2","The following object is masked from â€˜package:dplyrâ€™:

    select

"
"0","library(pROC)"
"2","Type 'citation(""pROC"")' for a citation.
"
"2","
Attaching package: â€˜pROCâ€™

"
"2","The following objects are masked from â€˜package:statsâ€™:

    cov, smooth, var

"
"0","library(plotROC)"
"2","
Attaching package: â€˜plotROCâ€™

"
"2","The following object is masked from â€˜package:pROCâ€™:

    ggroc

"
"0","library(dplyr)"
"0","library(modelr)"
"2","
Attaching package: â€˜modelrâ€™

"
"2","The following object is masked from â€˜package:broomâ€™:

    bootstrap

"
"0","library(caret)"
"2","Loading required package: lattice
"
"2","Registered S3 method overwritten by 'data.table':
  method           from
  print.data.table     
"
"2","
Attaching package: â€˜caretâ€™

"
"2","The following object is masked from â€˜package:purrrâ€™:

    lift

"
